,alpha = 1,alpha = 3,alpha = 5,alpha = 7
0,0.2206,0.5752,0.6953333333333334,0.7484666666666666
1,0.2278,0.5976,0.7214666666666667,0.7668
2,0.24206666666666668,0.6198666666666667,0.7426,0.7788
3,0.2506,0.6275333333333334,0.7493333333333333,0.7867333333333333
