idx,alpha = 1,alpha = 3,alpha = 5
k = 1,0.22426666666666667,0.5700666666666667,0.7055333333333333
k = 3,0.22526666666666667,0.6048,0.7274666666666667
k = 5,0.24926666666666666,0.6250666666666667,0.7352
