,alpha = 1,alpha = 3,alpha = 5,alpha = 7
0,0.22193854907089924,0.5743807936982961,0.6987394959943982,0.7492458544059104
1,0.22915939802890178,0.594641166316719,0.7198697239736618,0.7643859062837379
2,0.23755768052226278,0.6126784312791715,0.737731540596543,0.7788318709314571
3,0.24527955570784613,0.6243098257691477,0.7453702655798163,0.7842115028007706
