idx,alpha = 1,alpha = 3,alpha = 5
k = 1,0.2247576702530644,0.5704168747659503,0.704989000328492
k = 3,0.22495769559331108,0.6055059531626888,0.7248445237797544
k = 5,0.2489534934038745,0.6244894475350435,0.734616105289281
