,alpha = 1,alpha = 3,alpha = 5,alpha = 7
0,0.22010791496525486,0.5738387444705845,0.6976448748483355,0.7479742125877303
1,0.22796320524142577,0.5986289524311668,0.7204009160196465,0.7660909219692827
2,0.241105258435713,0.6183431911133319,0.7394838592482279,0.7805122466235557
3,0.2508837948103019,0.6292026504390481,0.7469092608293548,0.7857314306572709
